N,mean_Y,sd_Y,mean_X,sd_X,mean_theta,sd_theta
2500,-.0032089,1.443062,.0136642,1.023605,.000662,.1885362
